招录类型,标题,地区,来源,发布日期,链接
省考,2026年公务员考试公告-公务员招考公告-公务员面试公告 - 无忧考网,全国,百度搜索,2026-05-21,http://www.baidu.com/link?url=rcNVtNp9gE_G9CSbmDHgTIrD86uUexfNKVqZ28yRiDZY_ekhmtSS4SJp8Vasgoa2
国考,国家公务员局重要公告,全国,百度搜索,2026-05-07,http://www.baidu.com/link?url=YzfULEm0dFaxH3WB8Pb_Ijhyvb8Ned3QItBkC8CEee1tFJCjYcT2PyfgueIkqZ9fOAYCf70nnimNsj-5Nkv0D7S-0agwYRAjln3Gapxp5oa
国考,2026年国考中华全国供销合作总社,全国,华图教育,2026-03-04,http://www.huatu.com/2026/0304/2852605.html
国考,2026年国考生态环境部机关及派出,全国,华图教育,2026-03-04,http://www.huatu.com/2026/0304/2852601.html
国考,2026年国考司法部燕城监狱考试录,全国,华图教育,2026-03-04,http://www.huatu.com/2026/0304/2852597.html
国考,2026年国考司法部直属单位考试录,全国,华图教育,2026-03-04,http://www.huatu.com/2026/0304/2852595.html
国考,2026年国考国家文物局考试录用公,全国,华图教育,2026-03-04,http://www.huatu.com/2026/0304/2852594.html
公务员（通用）,2026年全国公职考试招考公告信息,全国,华图教育,2026-03-04,http://www.huatu.com/2026/0304/2852593.html
国考,2026年国考国家体育总局考试录用,全国,华图教育,2026-03-04,http://www.huatu.com/2026/0304/2852590.html
省考,2026年浙江省乡镇（街道）专职人,全国,华图教育,2026-03-04,http://www.huatu.com/2026/0304/2852567.html
省考,2026年浙江省公安厅特警无人机职,全国,华图教育,2026-03-04,http://www.huatu.com/2026/0304/2852558.html
省考,2026年浙江省省级机关单位考试录,全国,华图教育,2026-03-04,http://www.huatu.com/2026/0304/2852557.html
公务员（通用）,2026年全国公职考试招考公告信息汇总（3月2日）,全国,华图教育,2026-03-03,https://www.huatu.com/2026/0303/2852357.html
公务员（通用）,2026年3月份全国公职考试招考公告信息汇总（每日更新）,全国,华图教育,2026-03-03,https://www.huatu.com/2026/0303/2852358.html
公务员（通用）,2026年全国公职考试招考公告信息汇总（3月3日）,全国,华图教育,2026-03-03,https://www.huatu.com/2026/0303/2852355.html
公务员（通用）,推荐2026年全国公职考试招考公告信息汇总（2月27日）,全国,华图教育,2026-02-27,https://www.huatu.com/2026/0227/2851657.html
国考,2026年国考浙江邮政管理局录用公务员面试公告,全国,华图教育,2026-02-27,https://www.huatu.com/2026/0227/2851633.html
公务员（通用）,推荐2026年全国公职考试招考公告信息汇总（2月26日）,全国,华图教育,2026-02-26,https://www.huatu.com/2026/0226/2851500.html
公务员（通用）,推荐2026年全国公职考试招考公告信息汇总（2月25日）,全国,华图教育,2026-02-25,https://www.huatu.com/2026/0225/2851277.html
公务员（通用）,2026年全国公职考试招考公告信息汇总（2月24日）,全国,华图教育,2026-02-24,https://www.huatu.com/2026/0224/2851003.html
公务员（通用）,2026年全国公职考试招考公告信息汇总（2月13日）,全国,华图教育,2026-02-13,https://www.huatu.com/2026/0213/2850918.html
公务员（通用）,2026年全国公职考试招考公告信息汇总（2月12日）,全国,华图教育,2026-02-12,https://www.huatu.com/2026/0212/2850799.html
公务员（通用）,2026年全国公职考试招考公告信息汇总（2月6日）,全国,华图教育,2026-02-06,https://www.huatu.com/2026/0206/2849984.html
公务员（通用）,2026年全国公职考试招考公告信息汇总（2月5日）,全国,华图教育,2026-02-05,https://www.huatu.com/2026/0205/2849771.html
公务员（通用）,2026年全国公职考试招考公告信息汇总（2月4日）,全国,华图教育,2026-02-04,https://www.huatu.com/2026/0204/2849575.html
公务员（通用）,2026年全国公职考试招考公告信息汇总（2月3日）,全国,华图教育,2026-02-03,https://www.huatu.com/2026/0203/2849336.html
公务员（通用）,2026年2月份全国公职考试招考公告信息汇总（每日更新）,全国,华图教育,2026-02-02,https://www.huatu.com/2026/0202/2849111.html
公务员（通用）,2026年全国公职考试招考公告信息汇总（2月2日）,全国,华图教育,2026-02-02,https://www.huatu.com/2026/0202/2849110.html
公务员（通用）,2026年全国公职考试招考公告信息汇总（1月29日）,全国,华图教育,2026-01-29,https://www.huatu.com/2026/0129/2848817.html
公务员（通用）,2026年全国公职考试招考公告信息汇总（1月28日）,全国,华图教育,2026-01-29,https://www.huatu.com/2026/0129/2848816.html
公务员（通用）,2026年全国公职考试招考公告信息汇总（1月27日）,全国,华图教育,2026-01-27,https://www.huatu.com/2026/0127/2848212.html
公务员（通用）,2026年全国公职考试招考公告信息汇总（1月26日）,全国,华图教育,2026-01-26,https://www.huatu.com/2026/0126/2847978.html
省考,2026年河北出入境边防检查总站考试录用公务员面试公告,全国,华图教育,2026-01-25,https://www.huatu.com/2026/0125/2847917.html
公务员（通用）,2026年全国公职考试招考公告信息汇总（1月23日）,全国,华图教育,2026-01-23,https://www.huatu.com/2026/0123/2847761.html
事业单位,2026年黑龙江绥化市上半年事业单位招聘工作人员186名公告,全国,华图教育,2026-01-23,https://www.huatu.com/2026/0123/2847708.html
公务员（通用）,2026年全国公职考试招考公告信息汇总（1月22日）,全国,华图教育,2026-01-22,https://www.huatu.com/2026/0122/2847560.html
公务员（通用）,2026年全国公职考试招考公告信息汇总（1月21日）,全国,华图教育,2026-01-21,https://www.huatu.com/2026/0121/2847324.html
公务员（通用）,2026年全国公职考试招考公告信息汇总（1月20日）,全国,华图教育,2026-01-20,https://www.huatu.com/2026/0120/2847179.html
国考,2026年国家公务员工业和信息化部机关及直属机构资格复审公告,全国,华图教育,2026-01-19,https://www.huatu.com/2026/0119/2847036.html
国考,2026年国家公务员中华全国总工会面试确认和资格复审公告,全国,华图教育,2026-01-19,https://www.huatu.com/2026/0119/2847035.html
国考,2026年国家公务员市场监管总局面试资格复审公告,全国,华图教育,2026-01-19,https://www.huatu.com/2026/0119/2847034.html
公务员（通用）,2026年全国公职考试招考公告信息汇总（1月19日）,全国,华图教育,2026-01-19,https://www.huatu.com/2026/0119/2847030.html
公务员（通用）,2026年全国公职考试招考公告信息汇总（1月15日）,全国,华图教育,2026-01-15,https://www.huatu.com/2026/0115/2846756.html
公务员（通用）,2026年度湖北省公务员考试录用职位表（8027名）,全国,华图教育,2026-01-12,https://www.huatu.com/2026/0112/2846211.html
公务员（通用）,2026年全国公职考试招考公告信息汇总（1月9日）,全国,华图教育,2026-01-09,https://www.huatu.com/2026/0109/2845993.html
公务员（通用）,2026年全国公职考试招考公告信息汇总（1月8日）,全国,华图教育,2026-01-08,https://www.huatu.com/2026/0108/2845823.html
公务员（通用）,2026年全国公职考试招考公告信息汇总（1月7日）,全国,华图教育,2026-01-07,https://www.huatu.com/2026/0107/2845698.html
公务员（通用）,2026年全国公职考试招考公告信息汇总（1月6日）,全国,华图教育,2026-01-06,https://www.huatu.com/2026/0106/2845585.html
公务员（通用）,2026年全国公职考试招考公告信息汇总（1月5日）,全国,华图教育,2026-01-05,https://www.huatu.com/2026/0105/2845433.html
公务员（通用）,2026年全国公职考试招考公告信息汇总（1月4日）,全国,华图教育,2026-01-04,https://www.huatu.com/2026/0104/2845310.html
公务员（通用）,2026年1月份全国公职考试招考公告信息汇总（每日更新）,全国,华图教育,2026-01-04,https://www.huatu.com/2026/0104/2845309.html
公务员（通用）,2025年全国公职考试招考公告信息汇总（12月30日）,全国,华图教育,2025-12-30,https://www.huatu.com/2025/1230/2845100.html
公务员（通用）,2025年全国公职考试招考公告信息汇总（12月29日）,全国,华图教育,2025-12-29,https://www.huatu.com/2025/1229/2845018.html
公务员（通用）,2025年全国公职考试招考公告信息汇总（12月26日）,全国,华图教育,2025-12-26,https://www.huatu.com/2025/1226/2844902.html
公务员（通用）,2025年全国公职考试招考公告信息汇总（12月25日）,全国,华图教育,2025-12-25,https://www.huatu.com/2025/1225/2844728.html
公务员（通用）,2025年全国公职考试招考公告信息汇总（12月24日）,全国,华图教育,2025-12-24,https://www.huatu.com/2025/1224/2844496.html
公务员（通用）,2025年全国公职考试招考公告信息汇总（12月23日）,全国,华图教育,2025-12-23,https://www.huatu.com/2025/1223/2844333.html
公务员（通用）,2025年全国公职考试招考公告信息汇总（12月22日）,全国,华图教育,2025-12-22,https://www.huatu.com/2025/1222/2844213.html
公务员（通用）,2025年全国公职考试招考公告信息汇总（12月18日）,全国,华图教育,2025-12-18,https://www.huatu.com/2025/1218/2843860.html
公务员（通用）,2025年全国公职考试招考公告信息汇总（12月15日）,全国,华图教育,2025-12-15,https://www.huatu.com/2025/1215/2843444.html
公务员（通用）,2025年全国公职考试招考公告信息汇总（12月12）,全国,华图教育,2025-12-12,https://www.huatu.com/2025/1212/2843255.html
公务员（通用）,2025年全国公职考试招考公告信息汇总（12月11）,全国,华图教育,2025-12-11,https://www.huatu.com/2025/1211/2843049.html
公务员（通用）,2025年全国公职考试招考公告信息汇总（12月10）,全国,华图教育,2025-12-10,https://www.huatu.com/2025/1210/2842873.html
公务员（通用）,2025年全国公职考试招考公告信息汇总（12月9日）,全国,华图教育,2025-12-09,https://www.huatu.com/2025/1209/2842721.html
公务员（通用）,2025年全国公职考试招考公告信息汇总（12月8日）,全国,华图教育,2025-12-08,https://www.huatu.com/2025/1208/2842582.html
公务员（通用）,2025年全国公职考试招考公告信息汇总（12月4日）,全国,华图教育,2025-12-05,https://www.huatu.com/2025/1205/2842425.html
省考,2026年度公安机关面向公安院校公安专业毕业生考试录用公务员网上报名注意事,全国,华图教育,2025-12-05,https://www.huatu.com/2025/1205/2842403.html
辅警/消防,2025年东莞市公安局谢岗分局招聘警务辅助人员85名公告,全国,华图教育,2025-12-03,https://www.huatu.com/2025/1203/2842198.html
其他,2025年北京市中医药研究所面向社会人员招聘4人公告,全国,华图教育,2025-12-03,https://www.huatu.com/2025/1203/2842196.html
公务员（通用）,2025年全国公职考试招考公告信息汇总（12月3日）,全国,华图教育,2025-12-03,https://www.huatu.com/2025/1203/2842153.html
公务员（通用）,2025年全国公职考试招考公告信息汇总（12月2日）,全国,华图教育,2025-12-03,https://www.huatu.com/2025/1203/2842151.html
其他,2025年广东省河源连平县政务数据服务中心招聘就业见习人员2人公告,全国,华图教育,2025-12-01,https://www.huatu.com/2025/1201/2841951.html
其他,2025南平市、建阳区政务服务中心综合窗口工作人员1名公告,全国,华图教育,2025-12-01,https://www.huatu.com/2025/1201/2841949.html
选调生,2025下半年四川内江市资中县部分事业单位选调工作人员60名公告,全国,华图教育,2025-12-01,https://www.huatu.com/2025/1201/2841948.html
辅警/消防,2025年福州市马尾区民政局公开招聘社会救助协管员方案,全国,华图教育,2025-12-01,https://www.huatu.com/2025/1201/2841946.html
事业单位,2026年国家移民管理局直属事业单位公开招聘事业编制人员公告,全国,华图教育,2025-12-01,https://www.huatu.com/2025/1201/2841945.html
国考,2026国考行测考题大吐槽——判断,全国,华图教育,2025-11-30,http://www.huatu.com/2025/1130/2841835.html
国考,2026国家公务员考试行测考情变化,全国,华图教育,2025-11-30,http://www.huatu.com/2025/1130/2841831.html
国考,2026国考行测考情变化,全国,华图教育,2025-11-30,http://www.huatu.com/2025/1130/2841830.html
省考,...机构2026年度考试录用公务员相关公告(转载)_中华人民共和国外交部,全国,百度搜索,2025-10-14,http://www.baidu.com/link?url=cmEEOQUzeY84F-qrwdpmOwNGzoYuC0d9ekUzfP2jJiLWfNuSewHxJvUjB6mWxqS6qTmyovV68lZdwcPKjcWsFqOoMPidl_1FhrwAwof_tw2ZluluNQt_eThAFWNoCVvnpPc_t6xeTxYHYBG8DjdgFq
国考,2026年国考公告正式发布!,全国,百度搜索,2025-10-14,http://www.baidu.com/link?url=YzfULEm0dFaxH3WB8Pb_Ijhyvb8Ned3QItBkC8CEee0FuyGRuj2q550S3G6nKbT3c6vaZoop7EYbO4MKWCPGz3i5ZU6Z-1kIjf3ZPGvgtUO
国考,2026国考公告-国家公务员考试报名时间-报考条件-职位表_广东中公...,全国,百度搜索,,http://www.baidu.com/link?url=uEbYOVG8jQA8UMxLTeVvvPxoRyUWDfINC4XuqMrdvRN9nKwOQxPcB37VHCI-GKgUcNogBd4NZ3R6p3U_M8lDsgp9IEkMqA9arvpqnUvXyRy
省考,全国 省考 公告 职位表 - 百度图片,全国,百度搜索,,https://image.baidu.com/search/index?tn=baiduimage&ct=201326592&lm=-1&cl=2&ie=utf8&sa=vs_ala_img&fr=ala&ala=1&alatpl=normal&pos=3&dyTabStr=MCwzLDEsMiwxMyw3LDYsNSwxMiw5&word=%E5%85%A8%E5%9B%BD%20%E7%9C%81%E8%80%83%20%E5%85%AC%E5%91%8A%20%E8%81%8C%E4%BD%8D%E8%A1%A8&lid=aebebad702753407&topic=%E5%85%A8%E5%9B%BD%20%E7%9C%81%E8%80%83%20%E5%85%AC%E5%91%8A%20%E8%81%8C%E4%BD%8D%E8%A1%A8
国考,"2022年国考公告及职位表-买东西逛淘宝,榜单好物随心入!",全国,百度搜索,,https://www.baidu.com/baidu.php?url=af0000KpxzUee8WytAGpDincgEQbFtFyQs5ZWNJF5KQ9NeRWch20dspPQEo7paDQieN903HTqoCjkEj0qrYmUu0SO05zcPBlkEAgRJuF7tzKLbW-loAQ2TAcDYcoz5wJuKdvPXcpYS7KjCI29unDWrCLrU7sWbjufp_IZJ2bqgTyK-o_jR20bjdgJGtdlQdGEhpQjPkRAABe9QgK9mGJLHfCZF56.7R_NR2Ar5Od66hHTSunPjzWxGEutJjQovgc6h8es_mc8E0k6BXl2PrMov_X5ug3eVIxAZke2qLWIol3vPrM-zI5HkzuPv1-3eorzEFb4XrHIkvX5HblL_NxlOSQIvOtgjGvUrjtES1SEScl9YSxyPWoomJCRnTXZWeTrHl3TMdsRymoE26zlq-znrHlkGY3TMdCgkGuh9JstxonMgWkmX5zYlXgFYq5ZFbLUrgW8_e2thH-34PLZu3qrHjblXdrW6IPI93OQFubzmThe1LmThedL3ThedenrHI4e_rHIEqTrHIlOQjbLXX1jbLUQnrHI_33The1LmTheu8s4PLVSZjbLXXejbLUltrHI_q8ZF8tqvZF8vxgjbLU5U9zUE5u9zUV-XZF8vxj9zUE5_s4PLot_rHI_SyZF8tqhZF8qVXZF8q81jblUe8glnyZWtEOOJSe-SW7OOqJN9h9mlpeQPz6.U1Yk0ZDqz284SBRznnJ9Ees-nWa4JeWhFHcsdojr8eZV0ZKGm1Yk0ZfqnW0zn_HJ8xJOEQho8rpt_Pps1o8kefKGUHYkPjmk0ATqUvNsT1D0Iybqmh7GuZR0TA-b5HnY0APGujYs0AdY5HDsnHIxn1Dzn7tznjRkg1DsnH-xn1msnfKopHYs0ZFY5HTvPsKBpHYkPH9xnW0Y0AdW5HDsnHIxn1Dzn7tznjRkg1DsnH-xn0KkTA-b5H00TyPGujYs0ZFMIA7M5H00Uh7GujYs0A49IZ0qn0KWIyfqPjc4nH0LnHRL0A7B5HKxn0K-ThTqn0KsTjYs0A4vTjYsQW0snj0snj0s0AdYTjYs0AwbUL0qn0KzpWYs0Aw-IWdsmsKhIjYs0ZKC5H00ULnqn0KBI1Ykn0K8IjYs0ZPl5fK9TdqGuAnqTZnVuLG8TsKGuAnqiD4a0ZKCIZbq0Zw9ThI-IjY1nNt1nHwxnWf0IZN15HDLnWmvnjTkrjfYn1RvPHTzP1Ts0ZF-TgfqnHT3njDYPHTLrj6Ln6KGm1Ys0ZPGujd9uyF-mh7bP10zP1R1Pj0L0AP1UHYYwjbvwRR3P1u7wjTsrjDd0AkBT1Ys0A7W5HD0TA3qn0KkUgfqn0KkUgnqn0KlIjYs0AFvujYs0AIsIjYk0AI9IjYk0AdWgvuzUvYqn7tsg1Kxn7ts0Aw9UMNBuNqsUA78pyw15HKxnH04Pjc3njD3g1Kxn7ts0ZK9I7qhUA7M5H00uAPGujYs0ANYpyfqQHD0mgPsmvnqn0KdTA-8mvnqn0KkUymqn0KhmLNY5H00pgPWUjYs0A7buhk9u1Yk0Akhm1Ys0AwWmvfq0Zwzmyw-5HcsnWcsn6KBuA-b5RfzP1KafHmvwDFDwRfLwHckPYw7rDcsnbNArH61rD7a0AqW5Hc0mMfqnfKEmgwL5H00ULfqn0KETMKY5H0WnanWnansc10Wna3snj0snj0WnaPDw-fWnanVc108nj0snj0sc1D8nj0snj0sc10WnansQW0snj0snansc10Wnansc10Wnansc108nj00mh78pv7Wm1Ysc10Wnans0Z7xIWYsQWDkg108njKxna3sn7tsQWT3g108nHKxna3sn7tsQWndg108n1Nxn7tsg100mMPxTZFEuA-b5H00ThqGuhk9u1Ys0ZKzTvRqPyf0UyNY5H00mLmq0A-1gvPsmHYs0APs5H00ugPY5H00TyILujYs0AqsnHYs0ZKsPjYz0APzm1YzrHfYP6&us=newvui&word=
国考,2026国考职位表一览-国考职位表2026公告-国考公务员2026年岗位查询,全国,百度搜索,,http://www.baidu.com/link?url=gg64K_HYSe8jQSj0VpETv8Pa7vvbaG3S8EEXpsdmeFKSCGeLANpniQYYKhbRZST0
国考,2026国考职位表-全国公务员职位表查询-下载-中公职位库,全国,百度搜索,,http://www.baidu.com/link?url=wPxV745Iv1ITQ2XIEalMV6cvkkC8yrdDhx8XDud-N13
公务员（通用）,2026年各省公务员职位表_公务员考试职位表查询-公务员考试网,全国,百度搜索,,http://www.baidu.com/link?url=eJOZaWIYKJODEdaeHqekWazdPEepRtp_0ost1GsBM3WaSQkms9LD9DVn6JBY_VB1
国考,2026公务员考试职位表_国考/省考职位表查询_岗位表_中公教育网,全国,百度搜索,,http://www.baidu.com/link?url=eJOZaWIYKJODEdaeHqekWp8he8PVlpKuGplskNiLcy5Ogz-mqFvOv8NZjsi2sxfO
国考,2024国考职位表-国家公务员考试职位表下载/查询-中公教育,全国,百度搜索,,http://www.baidu.com/link?url=gg64K_HYSe8jQSj0VpETv8x4jBZiJwXWA7_g_EbpP7-O7fxmqrMcQGzUdR1F3Z0u
国考,国家公务员考试职位_中公教育网,全国,百度搜索,,http://www.baidu.com/link?url=wG5dQpDInX6Xvr7sfgQ_XNFjk-5kETdDeLroqHwpGWgAT8PZQieMaxLkp3ISdYrL
国考,2027国家公务员职位表系统_国考职位表下载及查询-国家公务员考试网,全国,百度搜索,,http://www.baidu.com/link?url=5RWrCc7DQ_jC9FoVtiA-WDR6V4oJ9rvWZnxwepcva02qzCFcEzQe6LHwl-s8ou7FHDkx5IzlOCUP1WnCUGM1m_
国考,"2027国家公务员考试职位表,国考职位简章下载查询-国家公务员考试",全国,百度搜索,,http://www.baidu.com/link?url=zaSxkEKTVCf6DD5WPYuTfDuhPmv0xR-J_OaNHbscKJxyM6rOLOO7ESJX5j6y5DXqHbq46JEWM-0yzEVh1Xikaq
